{
  "name": "angular-nl2br",
  "main": "angular-nl2br.js",
  "version": "1.0.3",
  "homepage": "https://github.com/goodeggs/angular-nl2br",
  "description": "An angular filter that turns new lines into line breaks",
  "keywords": [
    "angularjs"
  ],
  "license": "MIT",
  "ignore": [
    "**/.*",
    "node_modules",
    "bower_components",
    "test",
    "tests"
  ],
  "dependencies": {
    "angular": "~1.2.14"
  },
  "devDependencies": {
    "angular-mocks": "~1.2.14"
  },
  "_release": "1.0.3",
  "_resolution": {
    "type": "version",
    "tag": "v1.0.3",
    "commit": "2078a2eced10d1078bd6cdca11beccaffb850b0d"
  },
  "_source": "git://github.com/goodeggs/angular-nl2br.git",
  "_target": "~1.0.3",
  "_originalSource": "angular-nl2br",
  "_direct": true
}